complex_id,experiment_path,n_protein,n_pdb,n_residues,cytokine_protein,cytokine_pdb,cytokine_residues
BANAL-20-52-N__IL-12p70,../experiments/BANAL-20-52-N__IL-12p70,BANAL-20-52-N,BANAL-20-52-N.pdb,"`1,4,7,17,20,26,33,40,43,44,49,67,68,80,83,91,95,107,111,113,118,119,121,122,126,139,147,148,149,151,153,155,158,163,171,175,183,184,188,191,196,205,214,220,223,225,230,232,235,237,240,242,243,246,259,260,283,290,294,297,302,303,304,305,307,309,312,322,323,328,330,331,334,335,336,344,354,355,358,361,362,366,372,375,379,383,387,391,393,399,400,406,407,409,411,413,416",IL-12p70,IL-12p70_renumbered.pdb,"`1,6,7,21,23,31,37,45,48,56,65,77,79,85,86,87,96,119,121,123,127,132,135,136,148,154,158,160,162,163,175,181,194,202,203,207,209,210,215,221,226,228,230,231,235,244,250,256,257,263,264,268,271,272,275,276,291,299,301,302,304,306,309,314,320,334,336,338,341,344,349,350,357,366,375,376,378,379,386,388,391,398,399,403,406,413,417,423,424,445,457,458,459,461,463,468,471,476,478,487,488,489,491,498,502"
BANAL-20-52-N__IL-23,../experiments/BANAL-20-52-N__IL-23,BANAL-20-52-N,BANAL-20-52-N.pdb,"`1,3,9,12,13,14,21,29,37,41,57,59,60,69,70,76,82,102,104,105,108,113,114,118,140,150,151,157,162,167,170,172,173,174,178,190,196,203,205,207,208,209,212,220,223,226,227,229,232,234,242,245,253,257,262,267,269,271,282,288,289,290,291,294,296,299,301,308,309,312,314,320,329,336,337,342,348,352,358,373,375,376,380,381,392,393,395,396,397,398,400,403,407,409,414,415,417",IL-23,IL-23_renumbered.pdb,"`2,3,13,20,24,31,32,42,44,45,47,53,59,67,75,87,103,106,107,111,114,116,119,122,127,135,143,147,159,162,166,173,175,177,179,185,186,187,191,193,203,204,205,213,217,218,222,223,231,236,239,249,258,259,263,270,273,283,284,293,296,297,298,305,311,317,320,329,331,332,337,342,343,351,359,370,379,380,384,386,387,391,392,393,397,398,404,405,406,415,430,433,442,445,446,449,451,457,462,464"
BANAL-20-52-N__IL-27,../experiments/BANAL-20-52-N__IL-27,BANAL-20-52-N,BANAL-20-52-N.pdb,"`2,8,12,13,15,19,37,39,42,44,52,54,62,77,81,89,106,107,108,111,122,125,126,129,130,132,137,141,142,152,158,165,168,172,173,174,184,185,187,191,192,195,196,201,207,211,215,216,218,219,221,222,225,226,228,239,242,246,248,251,252,255,257,263,264,265,270,271,274,280,286,291,305,306,308,310,312,329,338,339,345,354,359,364,368,370,376,386,388,389,393,394,402,405,406,413,419",IL-27,IL-27_renumbered.pdb,"`2,3,4,11,12,13,18,19,31,39,44,47,54,57,58,59,60,61,66,70,72,73,76,79,82,90,93,97,105,114,118,120,124,130,132,134,142,143,144,148,163,166,172,176,183,188,200,208,211,214,218,219,224,227,229,230,242,245,253,254,261,262,266,267,269,283,288,290,293,300,302,308,311,315,327,331,335,338,375,389,390,395,397,404,408,415,417,422"
BANAL-20-52-N__IL-35,../experiments/BANAL-20-52-N__IL-35,BANAL-20-52-N,BANAL-20-52-N.pdb,"`7,15,19,23,24,34,37,45,46,48,58,60,63,66,69,91,97,98,102,111,113,118,127,130,131,132,141,146,148,151,156,158,167,170,171,172,173,180,182,185,187,190,195,200,201,202,203,205,206,207,209,214,217,225,233,234,238,239,243,244,247,249,260,263,267,278,280,281,282,289,299,300,302,306,311,315,325,328,332,334,339,346,348,352,357,360,362,374,377,381,382,383,384,397,400,404,406",IL-35,IL-35_renumbered.pdb,"`3,7,17,21,25,34,35,38,53,60,61,66,68,76,79,81,83,88,90,91,101,105,110,118,121,126,129,132,138,142,146,166,167,168,173,175,177,182,188,190,200,201,203,205,215,218,220,222,223,228,229,230,233,242,244,245,249,250,263,264,267,276,279,286,295,296,301,307,311,313"
MERS-CoV-N__IL-12p70,../experiments/MERS-CoV-N__IL-12p70,MERS-CoV-N,MERS-CoV-N.pdb,"`2,6,10,15,17,22,23,26,28,31,37,42,53,58,61,66,69,72,80,81,82,96,97,98,104,105,116,120,125,136,142,143,145,147,150,153,155,159,171,175,181,191,192,193,199,201,204,217,222,224,225,226,230,232,241,242,250,256,259,271,272,274,275,280,284,286,288,291,292,293,295,297,302,305,309,314,318,323,327,329,333,334,337,338,342,344,363,366,369,370,374,377,393,395,406,408,409",IL-12p70,IL-12p70_renumbered.pdb,"`2,5,12,18,25,34,43,44,47,56,60,66,67,69,70,75,83,101,112,123,125,128,137,138,139,143,145,147,150,151,161,168,178,180,181,183,189,195,202,203,206,214,219,226,229,234,235,238,244,248,261,262,267,272,274,275,276,277,278,280,282,287,290,300,304,305,309,312,313,320,323,329,336,341,345,346,353,354,355,378,388,391,393,399,409,410,423,431,448,449,451,452,455,457,466,467,472,473,474,475,478,491,499,502,503"
MERS-CoV-N__IL-23,../experiments/MERS-CoV-N__IL-23,MERS-CoV-N,MERS-CoV-N.pdb,"`2,4,10,13,14,18,20,24,25,30,31,33,35,37,42,45,59,60,80,85,87,95,106,110,111,113,116,117,120,125,129,144,152,153,157,158,161,165,168,170,172,174,181,182,188,189,190,195,201,206,214,224,226,228,229,233,234,236,241,248,261,262,266,268,273,274,280,293,296,300,303,306,308,309,310,317,320,322,329,332,337,344,348,356,357,359,361,363,370,375,376,382,392,395,397,399,400",IL-23,IL-23_renumbered.pdb,"`5,6,9,12,16,20,22,24,26,34,39,43,47,49,62,64,69,76,83,86,94,96,99,100,101,110,114,118,128,129,135,136,139,142,144,146,168,184,186,190,192,196,197,199,203,207,212,219,220,228,230,236,239,244,246,253,254,255,260,266,267,270,272,273,289,310,312,313,315,316,317,320,328,329,335,343,344,352,357,363,373,374,375,377,380,389,393,400,414,418,424,427,431,452,457,459,460,465,468,475"
MERS-CoV-N__IL-27,../experiments/MERS-CoV-N__IL-27,MERS-CoV-N,MERS-CoV-N.pdb,"`3,12,20,23,24,27,29,36,37,41,42,51,53,56,61,68,71,74,81,84,87,90,94,97,110,121,124,125,126,127,128,132,134,142,146,147,149,150,152,153,154,168,169,171,181,183,186,198,203,205,210,217,222,224,225,229,230,237,240,241,244,248,254,257,259,262,267,276,281,284,285,288,295,304,311,313,323,327,328,340,341,346,347,360,367,370,371,373,376,381,386,394,397,398,400,401,406",IL-27,IL-27_renumbered.pdb,"`2,14,18,20,25,35,39,45,57,61,66,68,74,77,82,84,86,90,93,94,97,101,107,113,118,121,125,128,132,141,142,143,147,148,160,166,172,203,206,209,211,213,222,226,228,234,243,246,248,270,287,304,308,313,321,331,332,336,338,339,343,344,345,349,353,361,367,368,370,376,379,381,384,387,389,390,393,404,407,408,411,412,415,416,418,419,422,423"
MERS-CoV-N__IL-35,../experiments/MERS-CoV-N__IL-35,MERS-CoV-N,MERS-CoV-N.pdb,"`8,11,13,25,30,32,34,35,38,40,44,52,54,61,66,71,80,82,86,95,96,101,105,108,111,113,115,117,127,135,137,139,140,142,151,153,160,163,164,165,170,171,179,183,190,191,195,200,204,205,208,214,218,219,222,226,231,233,238,239,240,241,242,244,249,264,268,275,281,282,285,286,288,291,302,316,317,321,326,335,338,352,358,363,365,367,371,372,376,378,386,396,397,400,401,403,404",IL-35,IL-35_renumbered.pdb,"`3,5,7,9,12,14,18,24,28,34,35,36,47,52,53,59,60,63,66,68,77,84,97,102,105,122,125,126,127,134,136,139,147,149,150,154,155,157,158,160,161,165,167,169,170,174,176,186,187,188,194,197,202,205,217,233,237,242,245,249,250,252,259,262,264,274,293,296,301,302"
OC43-N__IL-12p70,../experiments/OC43-N__IL-12p70,OC43-N,OC43-N.pdb,"`6,10,13,14,26,46,58,61,71,72,73,80,81,82,84,89,91,93,97,103,109,113,116,119,120,121,122,126,133,134,150,152,153,154,157,161,162,164,166,167,171,175,178,180,185,186,192,195,197,204,205,208,215,216,226,234,235,242,252,256,262,266,270,274,276,278,284,287,288,289,301,307,311,313,314,324,326,330,332,333,341,344,345,347,349,356,359,365,374,382,402,404,405,411,413,414,418,423,424,426,427,428,433,434,437,440,445",IL-12p70,IL-12p70_renumbered.pdb,"`7,19,20,29,45,47,49,50,53,56,60,66,69,72,77,78,86,88,92,95,102,105,106,114,119,125,130,143,145,153,164,168,170,172,174,181,182,185,195,204,212,215,222,223,226,234,244,258,260,262,263,265,268,279,282,287,291,292,299,301,304,307,311,318,319,333,336,346,349,350,352,353,359,372,373,375,376,384,386,390,391,393,394,398,400,401,406,416,430,435,438,440,445,446,451,461,464,466,472,473,477,481,488,489,492"
OC43-N__IL-23,../experiments/OC43-N__IL-23,OC43-N,OC43-N.pdb,"`8,9,10,13,14,27,28,29,30,35,36,38,39,42,44,50,51,52,57,76,81,87,89,94,98,104,105,114,119,121,132,142,144,145,146,148,155,156,157,158,162,163,167,169,170,177,178,185,187,193,201,205,207,212,230,232,250,254,259,261,263,265,270,275,278,281,288,291,297,299,307,308,309,310,315,319,322,331,334,336,341,342,352,356,359,360,362,367,370,371,373,379,382,384,389,397,401,403,405,415,419,425,433,434,435,436,437",IL-23,IL-23_renumbered.pdb,"`17,19,20,24,28,37,44,46,51,57,80,82,83,87,90,107,117,121,123,126,129,130,133,136,139,140,144,146,149,151,159,162,167,169,172,173,177,185,187,201,214,218,228,230,231,247,253,255,259,263,265,267,273,289,302,304,306,307,309,313,315,319,327,330,331,335,336,337,338,345,350,353,355,374,375,389,390,391,393,397,405,406,410,413,414,415,417,428,431,433,434,443,445,449,452,460,466,471,473,475"
OC43-N__IL-27,../experiments/OC43-N__IL-27,OC43-N,OC43-N.pdb,"`1,4,7,14,15,21,23,24,25,28,29,32,39,40,42,43,44,45,47,52,64,73,75,77,86,87,89,92,95,107,108,110,112,114,121,122,123,136,138,144,148,157,161,162,165,171,176,178,181,186,188,189,199,209,210,211,212,221,227,233,238,239,243,245,252,259,260,265,266,269,272,273,276,279,284,297,302,305,306,307,308,310,314,320,321,335,345,346,348,352,356,360,367,379,386,388,393,403,404,405,412,416,428,434,440,442,443",IL-27,IL-27_renumbered.pdb,"`1,4,9,18,20,23,32,34,35,37,44,63,65,66,68,70,71,73,77,83,89,94,103,106,113,115,118,125,146,151,158,169,171,172,174,180,200,202,203,206,210,211,212,213,219,221,230,240,243,251,254,255,259,261,265,267,270,273,280,281,282,284,297,308,311,315,323,328,329,336,338,344,360,366,372,375,376,377,379,380,384,387,390,394,408,417,421,424"
OC43-N__IL-35,../experiments/OC43-N__IL-35,OC43-N,OC43-N.pdb,"`2,5,7,8,13,21,24,29,31,37,43,50,51,55,61,71,73,82,89,93,97,105,106,107,109,110,117,119,126,128,129,130,135,136,139,140,151,156,159,162,164,170,178,188,191,200,201,202,205,229,233,238,239,242,243,249,263,264,270,278,284,288,301,303,304,306,310,315,317,319,321,328,331,332,333,335,336,341,347,352,355,359,363,366,367,371,374,376,377,378,379,384,388,390,400,401,402,404,408,410,413,416,417,424,431,434,439",IL-35,IL-35_renumbered.pdb,"`2,6,9,12,16,23,24,32,36,41,45,58,76,84,86,91,92,93,99,102,103,110,113,116,118,132,140,145,148,150,151,152,157,159,165,171,172,174,176,180,194,199,202,204,212,215,218,221,223,226,230,242,253,255,265,266,268,272,273,276,278,279,283,289,296,298,299,306,308,315"
RaTG13-N__IL-12p70,../experiments/RaTG13-N__IL-12p70,RaTG13-N,RaTG13-N.pdb,"`1,3,4,9,11,13,16,21,27,38,40,49,52,59,63,81,89,90,92,93,97,106,108,109,114,115,117,118,125,135,137,140,142,150,155,163,164,166,167,181,188,189,192,203,206,208,209,210,212,217,222,225,226,234,242,243,256,261,264,265,267,269,282,288,293,299,300,301,305,307,308,309,311,328,333,334,335,339,340,341,361,370,372,374,378,380,381,386,387,392,394,403,406,414,417,419",IL-12p70,IL-12p70_renumbered.pdb,"`1,2,5,8,14,16,25,26,33,37,42,43,48,63,72,77,95,99,102,105,109,113,125,127,128,132,145,146,148,150,157,160,165,175,176,179,197,203,205,206,212,214,221,222,225,231,233,235,236,258,259,260,268,270,272,275,276,278,279,280,292,293,294,301,304,305,306,307,309,310,312,316,317,318,322,335,340,342,344,358,359,360,374,376,378,382,383,389,390,396,403,409,413,421,423,434,435,444,446,455,456,461,464,475,488"
RaTG13-N__IL-23,../experiments/RaTG13-N__IL-23,RaTG13-N,RaTG13-N.pdb,"`2,3,5,8,11,18,20,25,27,29,38,41,44,45,48,52,57,58,59,60,63,77,78,92,98,115,117,118,130,131,132,133,145,148,152,166,174,177,178,188,190,192,196,198,200,206,210,223,227,234,239,243,244,248,255,256,257,261,264,267,268,271,274,279,280,283,284,285,290,293,299,302,304,305,310,315,323,326,328,333,335,340,347,365,368,375,381,390,399,409,413,414,415,416,417,419",IL-23,IL-23_renumbered.pdb,"`6,7,8,11,16,19,22,32,41,44,59,65,85,94,96,100,110,111,114,118,123,124,128,129,133,134,135,144,151,167,168,171,173,177,178,186,189,195,202,203,207,209,211,212,215,225,229,236,243,257,258,260,261,263,265,268,270,280,282,285,289,296,300,302,303,304,314,315,318,321,340,342,347,348,350,351,366,384,385,389,392,394,399,404,405,412,413,414,417,426,433,442,446,447,448,469,470,472,474,476"
RaTG13-N__IL-27,../experiments/RaTG13-N__IL-27,RaTG13-N,RaTG13-N.pdb,"`7,13,16,17,18,19,21,27,31,39,44,54,61,63,66,69,80,94,95,96,102,107,108,114,117,125,127,130,132,135,142,146,148,150,153,154,156,163,164,167,168,170,172,174,175,176,184,188,198,201,207,210,211,213,222,223,233,240,241,242,244,251,256,259,263,266,282,285,286,298,301,305,307,311,312,326,330,333,334,340,350,351,352,357,362,364,382,383,389,390,395,405,407,408,411,413",IL-27,IL-27_renumbered.pdb,"`6,8,9,15,16,17,18,25,34,35,39,42,46,48,63,75,76,94,97,98,105,106,111,113,117,118,125,128,138,139,147,149,150,151,152,159,162,164,165,169,171,172,180,194,201,208,210,211,224,228,229,237,245,252,253,255,258,262,266,279,300,302,304,309,310,313,326,327,330,332,336,337,339,360,363,366,368,371,374,381,384,391,392,404,408,414,422,423"
RaTG13-N__IL-35,../experiments/RaTG13-N__IL-35,RaTG13-N,RaTG13-N.pdb,"`4,5,14,16,23,25,26,27,29,30,32,35,36,37,42,43,44,45,57,61,62,63,66,68,70,75,80,82,89,100,101,102,105,117,119,120,124,130,139,141,145,161,180,181,184,189,205,208,209,214,215,218,219,223,229,232,244,256,259,262,263,277,284,299,306,307,308,309,315,321,326,328,329,332,335,338,347,350,355,361,366,367,371,374,376,382,383,386,390,393,394,400,402,406,408,417",IL-35,IL-35_renumbered.pdb,"`5,6,18,23,36,41,44,54,55,57,60,66,70,74,80,86,87,105,107,111,113,119,126,135,137,144,148,150,151,155,157,158,160,163,165,175,182,186,190,192,194,203,208,217,224,225,228,240,244,246,256,258,260,265,272,278,279,282,286,289,293,296,301,304,307,309,310,311,315,316"
SARS-CoV-2-B.1.1-N__IL-12p70,../experiments/SARS-CoV-2-B.1.1-N__IL-12p70,SARS-CoV-2-B.1.1-N,SARS-CoV-2-B.1.1-N.pdb,"`1,4,10,13,18,19,23,24,26,31,32,40,47,60,62,68,76,80,81,90,91,95,96,99,100,105,107,111,114,118,121,122,123,137,152,153,160,166,167,173,190,192,193,194,200,205,215,218,219,220,221,222,225,231,240,243,244,250,253,255,258,261,263,267,268,276,285,303,306,307,313,314,316,318,325,327,334,338,339,344,345,359,361,368,369,370,373,379,383,392,395,396,398,405,408,411,414,415",IL-12p70,IL-12p70_renumbered.pdb,"`6,7,8,17,21,22,26,31,46,47,52,53,55,69,73,76,78,79,83,85,91,97,99,100,101,103,105,109,113,123,127,139,142,143,148,154,157,161,167,170,172,179,180,187,195,201,207,212,215,216,228,240,243,244,257,258,260,269,277,289,291,292,297,298,299,301,302,307,310,317,320,322,324,334,337,342,350,351,358,363,379,382,388,390,393,397,398,403,412,420,421,428,432,446,457,464,466,467,468,474,475,484,489,498,503"
SARS-CoV-2-B.1.1-N__IL-23,../experiments/SARS-CoV-2-B.1.1-N__IL-23,SARS-CoV-2-B.1.1-N,SARS-CoV-2-B.1.1-N.pdb,"`1,4,10,11,20,21,31,32,33,34,36,39,47,48,52,54,57,61,65,68,92,96,100,103,107,115,123,125,127,128,139,140,153,167,179,181,184,189,191,194,195,200,202,208,223,225,237,246,251,256,257,261,262,265,269,276,277,283,285,286,289,298,304,305,309,311,315,316,320,323,326,333,343,348,351,352,354,355,364,365,369,371,372,374,377,383,386,392,393,397,401,402,403,405,408,414,416,417",IL-23,IL-23_renumbered.pdb,"`1,2,6,8,10,12,13,19,24,34,35,39,42,45,50,54,57,60,71,73,82,85,90,93,95,101,111,115,134,140,146,147,156,159,166,169,172,176,182,184,196,197,203,217,221,230,240,247,254,260,285,291,293,298,300,305,309,311,315,316,317,319,324,328,330,336,340,344,345,347,350,351,355,359,363,365,382,384,385,388,389,393,396,403,404,406,412,436,438,442,444,445,448,450,457,464,468,470,472,476"
SARS-CoV-2-B.1.1-N__IL-27,../experiments/SARS-CoV-2-B.1.1-N__IL-27,SARS-CoV-2-B.1.1-N,SARS-CoV-2-B.1.1-N.pdb,"`4,7,9,11,13,16,18,21,25,28,29,36,38,44,47,50,58,69,76,83,93,96,102,109,120,121,127,135,141,143,144,148,153,161,162,165,166,167,168,170,173,175,176,178,179,182,190,193,194,204,208,210,211,212,223,235,238,247,250,255,257,258,262,264,271,274,281,285,288,292,298,300,303,304,306,310,313,315,322,324,330,335,340,346,350,359,366,373,376,379,387,391,394,395,402,403,410,415",IL-27,IL-27_renumbered.pdb,"`10,11,18,23,32,34,44,46,49,52,53,61,63,65,73,74,87,93,98,102,105,110,111,113,115,122,124,125,135,141,143,149,151,154,155,157,159,167,197,199,204,209,210,213,219,226,228,229,231,233,242,244,246,247,257,259,260,269,276,277,285,288,297,307,308,313,320,323,328,329,343,344,349,357,364,365,366,373,378,381,393,394,401,405,411,414,418,423"
SARS-CoV-2-B.1.1-N__IL-35,../experiments/SARS-CoV-2-B.1.1-N__IL-35,SARS-CoV-2-B.1.1-N,SARS-CoV-2-B.1.1-N.pdb,"`3,6,9,10,13,15,18,20,21,22,26,28,30,38,45,50,59,68,83,89,90,92,95,97,108,114,115,120,125,127,130,140,143,148,149,150,151,153,156,167,172,173,174,178,180,183,187,190,197,198,214,221,225,226,227,228,234,241,249,251,252,257,264,268,270,276,285,286,289,292,306,315,317,322,331,333,338,341,347,348,350,355,358,361,368,370,375,376,379,384,385,386,387,398,399,400,401,418",IL-35,IL-35_renumbered.pdb,"`2,3,4,8,10,13,16,17,37,41,46,50,53,55,59,60,61,63,67,78,83,87,88,94,96,102,103,114,119,120,122,125,138,141,144,146,151,152,156,162,164,167,175,180,182,185,188,206,209,219,224,225,226,231,237,240,243,245,249,264,266,269,270,279,287,295,299,306,308,310"
SARS-CoV-2-B.1.1.529-N__IL-12p70,../experiments/SARS-CoV-2-B.1.1.529-N__IL-12p70,SARS-CoV-2-B.1.1.529-N,SARS-CoV-2-B.1.1.529-N.pdb,"`5,14,18,19,24,25,27,31,35,36,37,43,45,46,47,48,60,63,73,75,77,80,90,98,104,120,121,124,141,148,150,152,154,160,165,171,172,173,175,177,178,181,182,184,197,200,204,206,211,219,226,230,231,233,234,236,240,241,251,260,262,263,278,290,293,294,299,306,312,317,325,327,334,336,337,347,352,354,362,368,370,372,373,375,379,380,383,388,395,397,404,405,406,407,408,409,410,415",IL-12p70,IL-12p70_renumbered.pdb,"`2,5,8,9,16,22,32,33,37,55,56,60,66,69,76,89,93,97,98,102,121,125,135,136,137,144,147,155,158,162,167,170,172,176,181,183,187,189,193,196,201,202,210,212,224,228,234,235,236,239,241,245,258,259,264,266,270,276,283,285,294,296,300,304,305,312,316,326,331,335,342,344,354,359,361,363,369,370,393,394,395,400,410,420,421,424,430,431,434,438,446,451,452,453,464,465,468,469,473,475,478,488,498,499,500"
SARS-CoV-2-B.1.1.529-N__IL-23,../experiments/SARS-CoV-2-B.1.1.529-N__IL-23,SARS-CoV-2-B.1.1.529-N,SARS-CoV-2-B.1.1.529-N.pdb,"`3,10,13,14,16,21,32,45,54,58,60,71,75,76,78,79,89,95,98,103,104,110,111,112,121,123,137,138,139,140,145,155,158,160,164,176,177,180,181,182,184,187,188,190,197,199,209,212,215,216,219,220,223,232,234,237,239,252,265,267,269,282,291,296,299,304,306,309,314,315,316,330,332,336,339,340,341,343,346,347,348,350,356,357,359,361,365,369,370,374,375,377,383,384,390,398,399,409",IL-23,IL-23_renumbered.pdb,"`2,8,15,22,24,27,38,41,42,44,53,55,56,59,67,68,75,79,83,88,93,101,107,108,110,126,127,128,130,136,137,138,147,148,162,169,172,174,178,185,201,202,204,210,213,216,221,223,224,225,235,239,244,246,247,253,259,263,269,271,273,276,282,289,296,302,303,304,305,311,316,322,324,326,327,329,338,346,347,353,359,384,392,393,395,396,408,426,429,432,433,436,442,445,447,448,457,461,462,476"
SARS-CoV-2-B.1.1.529-N__IL-27,../experiments/SARS-CoV-2-B.1.1.529-N__IL-27,SARS-CoV-2-B.1.1.529-N,SARS-CoV-2-B.1.1.529-N.pdb,"`2,3,9,15,18,25,27,42,43,44,46,48,49,54,56,65,66,67,74,75,76,85,89,90,93,94,100,101,110,111,117,118,124,126,137,138,140,146,152,164,165,166,169,171,181,185,193,201,206,208,209,211,215,221,231,234,237,238,240,241,243,248,264,266,267,269,271,283,289,291,293,298,300,303,311,316,317,321,324,333,334,352,355,357,358,359,362,363,365,367,378,383,385,387,388,392,400,407",IL-27,IL-27_renumbered.pdb,"`11,12,13,14,25,27,31,32,43,45,48,49,53,66,68,71,73,79,82,86,91,94,102,105,108,121,124,131,132,143,152,153,154,156,157,164,176,180,195,202,203,206,222,224,225,226,228,234,240,254,261,263,264,265,270,272,281,283,285,300,305,307,311,317,321,326,328,329,333,334,336,337,338,339,360,371,382,383,389,393,394,407,408,414,416,417,419,424"
SARS-CoV-2-B.1.1.529-N__IL-35,../experiments/SARS-CoV-2-B.1.1.529-N__IL-35,SARS-CoV-2-B.1.1.529-N,SARS-CoV-2-B.1.1.529-N.pdb,"`5,8,9,13,16,25,27,29,30,35,62,65,76,86,87,88,91,94,97,103,104,111,112,115,116,117,120,121,124,127,128,130,133,141,148,152,153,162,165,166,167,174,175,181,189,191,192,193,204,207,208,213,220,223,225,228,229,230,233,237,248,251,252,255,259,260,263,265,269,273,278,283,287,289,291,299,316,318,320,325,326,328,336,337,347,357,358,381,382,393,394,395,400,403,406,407,408,409",IL-35,IL-35_renumbered.pdb,"`2,4,5,24,31,37,45,56,63,65,69,71,78,79,82,84,87,89,90,91,95,98,107,114,115,120,126,136,143,144,150,155,156,158,164,167,170,180,182,188,199,200,202,206,208,209,215,217,218,219,223,224,228,230,235,238,243,247,255,257,271,276,287,293,297,298,300,301,303,314"
SARS-CoV-2-B.1.1.7-N__IL-12p70,../experiments/SARS-CoV-2-B.1.1.7-N__IL-12p70,SARS-CoV-2-B.1.1.7-N,SARS-CoV-2-B.1.1.7-N.pdb,"`2,8,11,18,22,25,28,38,41,50,52,63,68,76,94,101,102,103,105,106,109,113,114,117,124,126,154,155,157,160,165,174,180,183,184,188,192,200,201,209,210,211,213,215,222,223,231,239,245,247,255,258,262,264,271,274,279,280,284,285,286,293,299,305,307,311,318,327,330,332,333,335,339,344,346,351,353,354,363,366,367,370,374,378,387,390,391,392,395,397,398,399,400,404,405,410,411,415",IL-12p70,IL-12p70_renumbered.pdb,"`7,12,14,17,33,34,42,48,52,60,63,70,71,86,89,90,92,95,99,101,105,106,115,132,137,141,143,145,150,152,160,162,164,176,178,181,182,184,185,189,193,195,197,202,203,205,227,230,234,236,239,242,245,248,259,261,264,273,277,280,281,289,291,298,299,301,305,311,315,317,319,323,326,327,333,336,337,340,354,357,361,363,369,373,374,400,401,402,413,424,426,428,433,436,438,442,448,451,452,463,467,473,478,484,498"
SARS-CoV-2-B.1.1.7-N__IL-23,../experiments/SARS-CoV-2-B.1.1.7-N__IL-23,SARS-CoV-2-B.1.1.7-N,SARS-CoV-2-B.1.1.7-N.pdb,"`13,15,18,19,22,23,24,25,29,33,39,45,63,69,75,76,79,80,81,89,90,96,103,114,118,121,122,136,145,146,147,148,151,163,164,167,169,174,179,185,186,187,191,196,198,200,202,203,210,211,215,223,229,231,233,237,239,251,253,258,259,262,264,265,270,272,274,276,277,279,283,284,299,300,301,302,315,325,332,333,334,338,339,340,345,351,352,353,377,384,385,386,389,397,401,407,414,415",IL-23,IL-23_renumbered.pdb,"`1,6,7,15,17,19,22,29,30,35,44,49,53,64,65,69,73,76,79,87,90,93,97,101,102,106,114,117,128,133,134,138,142,172,175,177,178,186,200,207,209,217,221,240,241,243,244,253,258,259,262,270,272,280,291,295,296,297,300,302,305,306,311,314,315,317,321,329,336,337,338,345,346,347,348,355,357,363,365,373,375,380,384,386,387,392,394,398,409,411,412,414,420,428,435,448,450,459,468,473"
SARS-CoV-2-B.1.1.7-N__IL-27,../experiments/SARS-CoV-2-B.1.1.7-N__IL-27,SARS-CoV-2-B.1.1.7-N,SARS-CoV-2-B.1.1.7-N.pdb,"`1,2,4,13,15,17,20,22,24,29,30,34,37,39,40,44,51,61,80,93,95,100,105,109,124,126,131,132,133,140,143,144,148,149,151,153,155,157,160,162,165,175,176,177,178,179,186,194,202,205,207,215,223,227,232,233,238,241,245,246,249,253,255,260,261,269,274,279,289,294,300,305,306,323,328,329,333,334,336,337,340,349,350,358,361,362,364,371,373,378,388,397,402,403,405,409,411,418",IL-27,IL-27_renumbered.pdb,"`6,14,30,32,34,37,38,48,53,56,59,61,63,64,68,77,79,80,96,99,101,103,106,107,110,113,122,131,133,138,148,155,157,161,168,174,178,184,205,208,212,215,218,220,221,231,234,245,251,257,258,261,264,265,266,269,272,274,275,276,279,280,306,312,323,327,330,332,336,337,343,348,359,363,365,375,379,380,386,391,392,397,401,408,409,412,415,416"
SARS-CoV-2-B.1.1.7-N__IL-35,../experiments/SARS-CoV-2-B.1.1.7-N__IL-35,SARS-CoV-2-B.1.1.7-N,SARS-CoV-2-B.1.1.7-N.pdb,"`4,9,10,14,16,17,24,37,39,41,51,59,60,66,67,74,80,89,91,93,94,98,99,100,102,103,109,111,120,122,123,131,132,133,136,142,146,149,151,155,162,163,165,174,176,183,185,195,203,204,206,212,214,220,221,224,225,234,245,246,250,252,253,256,267,268,269,271,280,282,283,297,308,311,313,322,323,334,342,354,357,358,360,365,371,372,375,381,398,400,401,403,406,408,411,414,416,419",IL-35,IL-35_renumbered.pdb,"`1,6,7,8,9,13,21,23,27,31,32,34,37,38,47,62,66,67,72,76,79,83,93,96,102,104,105,107,109,113,114,136,143,154,155,161,165,174,176,182,188,190,196,197,200,206,212,220,221,223,231,236,237,246,249,250,252,255,260,262,269,279,295,298,300,303,308,310,313,315"
SARS-CoV-2-B.1.351-N__IL-12p70,../experiments/SARS-CoV-2-B.1.351-N__IL-12p70,SARS-CoV-2-B.1.351-N,SARS-CoV-2-B.1.351-N.pdb,"`1,9,12,13,15,18,19,21,26,34,35,38,40,48,49,51,68,79,81,82,89,90,91,99,104,105,113,114,117,118,123,131,136,139,154,155,160,169,176,180,184,189,195,202,206,207,210,216,217,221,223,227,233,235,236,237,242,247,249,250,252,253,264,266,268,276,281,282,286,299,304,307,309,317,324,331,336,337,344,345,347,351,358,362,364,379,383,392,397,399,400,403,404,407,408,410,411,415",IL-12p70,IL-12p70_renumbered.pdb,"`2,5,21,27,32,35,40,42,46,50,51,69,71,83,93,95,100,101,109,113,125,126,129,144,154,155,174,175,176,177,181,185,189,196,201,204,207,209,219,235,241,244,248,250,260,261,262,263,264,267,268,275,280,290,291,293,294,295,302,303,305,310,313,319,330,333,336,338,340,352,354,355,356,359,362,363,364,366,367,373,383,385,397,401,402,404,410,424,434,435,438,441,442,444,445,448,452,464,468,469,473,476,489,491,500"
SARS-CoV-2-B.1.351-N__IL-23,../experiments/SARS-CoV-2-B.1.351-N__IL-23,SARS-CoV-2-B.1.351-N,SARS-CoV-2-B.1.351-N.pdb,"`1,6,7,9,10,11,16,17,18,22,26,37,46,47,48,57,58,59,61,63,65,67,69,70,74,76,79,83,89,103,106,107,109,114,117,126,129,139,142,145,149,150,154,157,163,167,169,170,176,178,181,184,186,190,195,200,201,204,207,218,223,238,245,247,250,252,255,256,257,258,259,263,271,276,281,289,297,299,304,307,322,329,336,342,346,360,362,363,366,370,374,375,377,392,395,396,414,416",IL-23,IL-23_renumbered.pdb,"`15,16,19,27,28,30,31,37,42,44,49,55,56,65,76,80,86,87,90,98,101,102,104,110,114,122,124,125,129,130,135,140,159,168,172,174,187,190,191,200,203,204,207,211,212,215,221,225,231,236,240,247,257,258,260,267,268,270,271,273,279,280,283,302,307,317,322,324,325,327,328,333,335,343,344,351,352,370,376,380,382,385,390,401,403,412,424,425,426,427,428,434,438,459,460,468,472,474,475,476"
SARS-CoV-2-B.1.351-N__IL-27,../experiments/SARS-CoV-2-B.1.351-N__IL-27,SARS-CoV-2-B.1.351-N,SARS-CoV-2-B.1.351-N.pdb,"`2,4,13,25,27,31,32,33,35,37,39,41,43,44,46,50,63,67,74,78,83,90,91,113,114,115,122,127,129,141,142,144,147,150,151,154,161,163,168,169,170,171,179,182,183,189,207,210,212,214,215,216,220,223,225,237,240,241,243,258,259,266,267,284,291,292,293,297,298,299,308,311,314,318,320,321,324,330,332,338,341,359,361,364,366,367,368,371,377,379,387,390,399,400,403,405,407,416",IL-27,IL-27_renumbered.pdb,"`6,12,16,31,37,38,39,43,44,45,47,56,59,75,87,96,97,100,101,104,106,107,117,124,128,130,136,146,149,153,155,158,159,161,171,174,180,183,195,196,202,203,218,221,222,223,224,228,229,230,251,266,272,276,278,282,284,297,300,313,314,316,325,329,330,337,341,345,349,353,354,355,361,366,367,368,374,378,384,391,395,401,409,410,414,417,419,423"
SARS-CoV-2-B.1.351-N__IL-35,../experiments/SARS-CoV-2-B.1.351-N__IL-35,SARS-CoV-2-B.1.351-N,SARS-CoV-2-B.1.351-N.pdb,"`3,6,14,15,18,23,26,28,32,41,43,45,57,58,60,67,68,74,79,80,82,94,98,101,106,108,115,127,133,139,144,149,156,164,165,168,170,177,183,186,191,192,195,204,209,212,214,216,218,219,221,222,227,229,231,235,244,245,246,265,266,276,277,279,281,290,291,294,300,305,308,310,311,315,317,321,324,331,333,336,344,345,354,355,357,358,361,363,365,372,375,378,399,407,408,410,416,419",IL-35,IL-35_renumbered.pdb,"`2,3,5,13,20,25,31,32,34,35,40,47,54,56,60,61,65,72,73,76,82,83,85,95,96,101,102,103,104,106,111,125,127,134,143,144,148,157,159,160,162,165,169,172,173,176,181,186,188,202,204,207,212,222,224,229,235,259,260,265,271,273,276,279,281,284,289,293,295,297"
SARS-CoV-2-B.1.617.2-DeltaA-N__IL-12p70,../experiments/SARS-CoV-2-B.1.617.2-DeltaA-N__IL-12p70,SARS-CoV-2-B.1.617.2-DeltaA-N,SARS-CoV-2-B.1.617.2-DeltaA-N.pdb,"`4,8,9,13,14,15,23,30,41,42,43,44,45,48,52,58,59,66,74,83,91,96,104,105,106,107,122,123,126,127,130,133,134,136,142,150,152,154,155,163,176,178,180,193,194,203,204,210,216,219,222,225,226,235,237,240,241,247,254,255,267,274,286,288,290,293,301,303,306,307,315,318,321,326,330,335,336,338,341,344,362,365,371,375,376,388,389,391,393,395,397,398,404,405,406,409,410,412,416",IL-12p70,IL-12p70_renumbered.pdb,"`4,5,7,19,25,29,35,42,45,46,50,53,55,67,71,78,79,87,90,91,98,105,110,112,114,129,141,144,148,151,159,161,168,172,175,176,178,183,184,187,189,194,196,202,203,204,205,210,219,227,236,240,242,243,256,261,269,278,279,287,289,291,299,301,303,308,312,316,330,336,338,349,351,354,358,361,376,377,384,389,392,394,396,397,398,402,412,413,417,428,441,448,451,452,457,458,459,463,464,467,468,478,489,492,500"
SARS-CoV-2-B.1.617.2-DeltaA-N__IL-23,../experiments/SARS-CoV-2-B.1.617.2-DeltaA-N__IL-23,SARS-CoV-2-B.1.617.2-DeltaA-N,SARS-CoV-2-B.1.617.2-DeltaA-N.pdb,"`1,13,15,18,20,22,23,24,25,29,32,36,41,48,51,54,69,77,78,83,93,94,103,109,111,123,124,126,127,137,143,146,152,155,158,160,167,169,170,172,174,176,178,180,188,192,194,205,207,208,221,231,232,238,240,245,248,249,250,255,258,262,265,276,279,285,286,289,293,296,303,305,309,313,314,315,321,323,330,331,333,339,340,348,349,353,361,366,370,371,380,384,385,389,401,403,407,408,411",IL-23,IL-23_renumbered.pdb,"`3,4,10,15,20,35,37,41,50,53,57,65,67,82,91,96,97,99,103,115,119,121,123,127,128,135,138,140,145,146,147,148,162,163,178,188,189,191,192,195,200,209,210,212,214,216,219,220,244,249,253,271,275,289,296,297,302,303,305,310,315,317,322,323,328,329,336,347,352,353,354,357,365,373,377,385,388,395,396,399,400,401,405,411,412,415,418,424,429,437,439,440,442,443,449,450,457,468,471,475"
SARS-CoV-2-B.1.617.2-DeltaA-N__IL-27,../experiments/SARS-CoV-2-B.1.617.2-DeltaA-N__IL-27,SARS-CoV-2-B.1.617.2-DeltaA-N,SARS-CoV-2-B.1.617.2-DeltaA-N.pdb,"`5,8,13,19,21,34,40,41,42,48,50,58,62,63,66,67,70,83,94,96,99,106,109,114,120,129,137,141,144,145,146,149,151,155,164,168,169,176,177,182,187,188,195,198,201,205,210,219,221,225,226,231,237,238,243,244,245,251,252,253,254,263,269,276,280,282,283,284,286,288,305,307,308,311,313,314,321,323,338,342,349,351,359,360,366,368,371,373,382,393,394,397,399,400,402,405,412,416,418",IL-27,IL-27_renumbered.pdb,"`18,23,25,27,30,34,44,45,49,50,54,56,60,65,77,79,96,99,102,103,104,115,128,134,135,140,142,146,150,151,155,171,177,199,201,203,205,209,214,215,217,218,221,223,225,234,237,248,249,250,256,258,261,262,270,271,274,276,280,294,304,306,309,311,312,314,319,327,329,331,336,339,348,352,355,359,363,364,366,367,372,382,390,392,407,412,415,416"
SARS-CoV-2-B.1.617.2-DeltaA-N__IL-35,../experiments/SARS-CoV-2-B.1.617.2-DeltaA-N__IL-35,SARS-CoV-2-B.1.617.2-DeltaA-N,SARS-CoV-2-B.1.617.2-DeltaA-N.pdb,"`14,17,24,26,28,34,35,36,41,43,44,48,50,51,62,66,67,69,70,75,77,79,80,81,83,88,91,100,102,106,111,116,119,132,136,146,147,148,149,152,157,160,162,166,167,174,177,180,185,194,196,198,206,209,212,213,214,226,227,229,237,238,244,249,253,256,257,266,271,274,278,279,284,289,296,302,303,308,314,315,322,324,325,329,339,343,346,352,355,357,359,375,376,395,408,410,411,413,416",IL-35,IL-35_renumbered.pdb,"`3,6,13,17,20,23,32,38,40,45,48,54,59,61,64,72,73,74,81,87,88,102,103,106,109,112,115,119,121,122,132,134,135,137,139,145,148,150,154,157,160,161,163,169,192,194,197,207,209,223,225,235,238,240,244,249,260,261,264,265,267,270,273,274,297,298,299,300,314,316"
SARS-CoV-2-BA.1.1-N__IL-12p70,../experiments/SARS-CoV-2-BA.1.1-N__IL-12p70,SARS-CoV-2-BA.1.1-N,SARS-CoV-2-BA.1.1-N.pdb,"`3,7,10,12,13,16,18,22,26,28,35,36,39,42,44,47,51,57,60,63,74,77,79,86,90,91,95,98,102,104,116,122,128,130,137,153,154,160,164,176,179,183,184,189,192,197,198,202,203,210,218,223,224,227,231,233,241,242,243,245,252,263,264,277,282,294,300,304,308,309,311,317,318,319,320,327,333,350,352,367,368,370,374,379,384,388,390,391,396,398,400,401,405,407,410,414,415",IL-12p70,IL-12p70_renumbered.pdb,"`2,4,7,16,31,35,37,40,41,42,50,52,53,61,63,74,78,89,90,95,97,100,103,110,114,117,119,121,126,130,132,136,145,155,158,173,187,194,195,206,207,208,214,215,217,218,221,223,228,241,242,262,264,267,274,275,276,280,282,293,295,298,302,305,306,310,311,312,313,314,316,329,336,342,350,351,352,355,356,357,362,364,373,375,381,383,386,393,394,402,406,409,412,419,432,453,459,464,466,471,472,477,489,498,500"
SARS-CoV-2-BA.1.1-N__IL-23,../experiments/SARS-CoV-2-BA.1.1-N__IL-23,SARS-CoV-2-BA.1.1-N,SARS-CoV-2-BA.1.1-N.pdb,"`4,5,7,8,9,12,14,16,19,21,24,25,26,31,33,34,38,45,51,63,66,72,78,86,88,95,100,101,124,125,130,141,142,146,149,153,154,157,159,161,164,166,172,180,182,183,189,199,210,214,223,226,228,236,240,241,243,253,261,264,266,267,271,274,282,290,298,302,303,314,315,321,322,326,331,334,337,344,345,348,355,363,374,376,379,384,385,389,398,400,403,406,407,411,414,415,416",IL-23,IL-23_renumbered.pdb,"`2,13,16,29,35,40,45,48,51,66,71,83,90,95,98,102,103,107,117,125,126,130,138,140,143,149,162,166,170,172,173,174,182,184,185,195,199,200,207,219,221,230,239,241,253,256,258,261,269,271,275,278,282,283,287,289,300,302,303,307,310,315,316,317,319,321,325,332,337,338,340,343,344,347,355,357,364,366,367,371,373,375,378,379,384,385,392,395,399,404,413,415,428,444,450,460,462,464,467,476"
SARS-CoV-2-BA.1.1-N__IL-27,../experiments/SARS-CoV-2-BA.1.1-N__IL-27,SARS-CoV-2-BA.1.1-N,SARS-CoV-2-BA.1.1-N.pdb,"`2,4,13,16,17,18,20,23,26,29,39,43,47,49,51,54,55,62,63,65,73,75,96,100,105,114,115,121,126,129,130,139,146,151,154,157,160,164,165,175,176,179,188,189,190,202,204,207,213,220,222,226,231,237,244,246,247,252,259,260,261,269,277,283,286,287,289,294,298,301,303,304,320,323,324,329,332,334,338,341,343,348,351,358,364,366,367,372,384,393,398,399,400,407,408,413,415",IL-27,IL-27_renumbered.pdb,"`3,5,15,18,20,32,34,37,46,49,50,56,58,61,63,71,72,74,76,84,93,97,102,104,107,115,117,120,128,131,138,140,144,148,149,152,154,156,157,163,164,171,173,176,201,207,208,221,228,230,234,244,245,246,248,256,262,275,278,282,283,300,307,308,315,321,327,328,333,338,343,350,354,363,365,369,374,375,381,382,386,389,395,405,408,409,414,422"
SARS-CoV-2-BA.1.1-N__IL-35,../experiments/SARS-CoV-2-BA.1.1-N__IL-35,SARS-CoV-2-BA.1.1-N,SARS-CoV-2-BA.1.1-N.pdb,"`3,6,12,16,21,22,23,31,32,36,37,38,41,43,58,60,63,66,77,79,85,86,88,95,99,104,105,114,117,118,120,123,130,136,146,147,157,158,164,175,179,182,184,188,189,191,193,194,201,211,212,215,218,219,220,222,224,228,233,237,242,252,259,263,266,269,275,286,287,293,294,296,299,302,307,309,312,321,326,327,335,340,341,347,356,359,362,378,381,384,388,392,393,395,400,407,414",IL-35,IL-35_renumbered.pdb,"`4,6,7,9,10,14,17,18,20,22,25,28,31,34,39,41,44,48,52,56,57,75,84,87,91,101,105,106,110,118,123,132,135,137,142,156,157,161,167,169,171,179,181,190,202,205,206,208,209,212,221,226,230,236,244,246,257,258,260,264,271,272,281,282,287,293,295,302,303,316"
SARS-CoV-2-BA.2-N__IL-12p70,../experiments/SARS-CoV-2-BA.2-N__IL-12p70,SARS-CoV-2-BA.2-N,SARS-CoV-2-BA.2-N.pdb,"`2,3,7,9,12,18,19,20,23,29,31,35,36,40,41,48,51,60,65,71,72,80,87,91,92,97,99,101,103,106,110,115,123,126,127,132,134,136,147,149,151,153,154,155,162,171,174,197,200,201,202,203,204,208,212,218,222,223,236,243,245,248,252,255,268,269,274,277,280,281,282,283,286,287,291,299,306,311,313,314,315,316,320,321,323,325,330,333,336,345,346,362,366,370,371,374,405,406",IL-12p70,IL-12p70_renumbered.pdb,"`3,5,7,26,30,32,43,47,50,51,52,67,72,73,75,76,86,88,89,92,102,106,119,121,129,136,138,140,144,148,149,152,159,162,164,165,193,200,205,212,226,233,234,239,240,242,244,257,258,259,265,268,275,282,285,287,289,293,296,300,301,302,308,310,311,313,317,318,336,354,356,357,358,359,361,362,364,373,377,391,400,401,402,403,409,413,424,428,433,434,442,446,453,461,468,472,477,481,484,488,491,495,498,500,503"
SARS-CoV-2-BA.2-N__IL-23,../experiments/SARS-CoV-2-BA.2-N__IL-23,SARS-CoV-2-BA.2-N,SARS-CoV-2-BA.2-N.pdb,"`2,3,4,6,8,9,10,11,13,22,23,24,27,30,36,40,41,43,44,45,56,57,67,72,79,85,88,99,104,105,116,117,118,122,128,137,143,147,149,152,153,157,170,174,175,193,200,208,209,213,216,223,224,225,233,234,236,237,238,247,248,251,257,258,260,261,266,268,269,273,275,276,277,283,286,291,293,296,301,302,311,326,351,354,359,361,363,367,368,379,382,385,388,389,391,399,400,410",IL-23,IL-23_renumbered.pdb,"`2,6,9,17,20,22,29,33,39,42,55,59,61,64,85,94,98,100,101,102,106,107,110,111,117,131,138,146,171,176,182,187,188,191,192,204,216,217,218,220,223,226,230,235,240,244,253,260,263,266,267,269,289,293,295,300,302,306,307,308,310,313,317,323,324,325,327,332,337,338,345,351,354,357,364,365,370,373,377,380,397,408,409,412,415,420,425,427,431,432,435,442,443,451,459,460,470,473,474,475"
SARS-CoV-2-BA.2-N__IL-27,../experiments/SARS-CoV-2-BA.2-N__IL-27,SARS-CoV-2-BA.2-N,SARS-CoV-2-BA.2-N.pdb,"`9,11,15,17,18,19,25,26,27,28,30,37,38,40,42,47,49,60,72,85,89,90,91,97,101,102,105,108,110,126,130,137,148,155,164,166,167,176,181,185,198,205,206,207,212,216,220,224,229,233,237,241,248,252,266,275,276,277,280,291,301,307,310,311,312,313,315,319,322,324,333,341,344,347,349,350,352,354,355,356,361,366,367,368,370,371,372,375,377,387,391,397,402,408,409,410,411,412",IL-27,IL-27_renumbered.pdb,"`3,6,10,13,16,25,31,34,42,44,49,54,60,86,87,89,90,96,97,98,99,104,107,120,124,131,136,140,145,146,149,150,151,158,162,169,178,184,195,202,208,217,222,230,237,240,243,246,249,252,253,257,259,260,261,269,270,278,280,282,312,320,321,326,334,336,337,341,345,349,351,353,355,360,361,367,369,374,377,379,381,384,387,392,407,414,415,417"
SARS-CoV-2-BA.2-N__IL-35,../experiments/SARS-CoV-2-BA.2-N__IL-35,SARS-CoV-2-BA.2-N,SARS-CoV-2-BA.2-N.pdb,"`1,4,13,16,17,20,25,26,29,30,34,39,45,47,55,56,59,72,79,89,91,94,111,112,117,118,121,128,136,140,145,146,150,152,154,158,162,176,182,188,192,194,201,204,205,206,210,211,214,215,220,222,223,224,244,257,262,266,267,275,277,281,286,290,303,305,307,315,317,320,321,326,327,329,332,334,340,341,342,347,351,357,360,361,363,364,367,370,377,382,383,388,389,391,398,401,406,411",IL-35,IL-35_renumbered.pdb,"`3,12,14,18,20,25,28,36,38,41,42,49,50,59,61,67,68,75,83,85,86,90,96,99,101,104,107,112,113,114,117,119,120,129,134,139,140,141,152,155,161,164,176,177,188,194,197,200,201,202,205,208,209,212,213,223,225,228,230,238,246,256,260,262,263,272,282,300,303,307"
SARS-CoV-2-BA.4-N__IL-12p70,../experiments/SARS-CoV-2-BA.4-N__IL-12p70,SARS-CoV-2-BA.4-N,SARS-CoV-2-BA.4-N.pdb,"`3,6,10,25,28,29,32,45,46,56,57,62,63,71,72,73,75,76,85,89,94,100,102,106,112,116,118,120,125,128,138,142,147,150,151,154,155,157,171,173,179,184,188,191,201,202,204,207,209,212,215,216,222,225,237,239,250,251,258,260,261,264,265,268,275,277,281,285,286,291,300,301,306,308,309,314,315,319,327,331,333,336,338,341,344,350,351,354,355,358,360,369,378,390,409,413,414",IL-12p70,IL-12p70_renumbered.pdb,"`16,17,26,32,35,37,40,43,44,45,46,65,70,72,73,75,76,84,85,88,91,97,98,100,101,117,123,130,137,141,167,176,178,181,184,185,201,209,216,217,219,221,224,225,227,228,229,239,256,268,269,270,272,283,287,293,295,296,311,313,317,322,326,327,330,333,341,344,351,352,353,354,359,363,364,369,373,374,375,379,393,395,398,399,401,404,406,417,419,426,430,436,446,449,452,457,458,459,461,463,468,478,492,498,499"
SARS-CoV-2-BA.4-N__IL-23,../experiments/SARS-CoV-2-BA.4-N__IL-23,SARS-CoV-2-BA.4-N,SARS-CoV-2-BA.4-N.pdb,"`2,5,7,8,9,19,27,33,36,38,42,43,48,63,67,73,75,77,78,88,89,93,97,98,100,101,103,118,119,120,123,124,129,137,141,142,144,148,149,152,158,160,162,163,165,180,183,187,190,192,195,199,213,215,216,220,228,234,241,243,246,257,258,260,263,265,269,277,281,282,289,303,306,308,313,315,316,328,335,339,340,341,343,352,357,359,366,369,371,380,386,393,395,396,399,410,411",IL-23,IL-23_renumbered.pdb,"`1,2,5,7,15,16,19,22,23,28,30,34,46,47,54,62,65,69,73,83,92,97,99,107,115,116,119,121,125,127,137,138,140,142,143,144,145,149,159,166,169,175,176,185,186,187,190,200,203,216,219,229,232,241,242,246,247,254,257,260,268,269,271,273,276,284,306,307,311,312,315,318,322,329,330,332,337,347,352,353,374,378,379,380,382,386,389,390,391,398,401,403,409,417,424,425,430,442,449,460"
SARS-CoV-2-BA.4-N__IL-27,../experiments/SARS-CoV-2-BA.4-N__IL-27,SARS-CoV-2-BA.4-N,SARS-CoV-2-BA.4-N.pdb,"`8,9,20,22,28,31,33,34,44,46,59,62,63,64,66,71,75,79,87,89,93,101,105,110,115,120,129,136,137,141,144,152,154,166,176,184,185,186,192,193,194,204,237,245,247,248,252,253,255,259,264,265,266,268,269,275,282,285,289,295,297,301,302,305,310,312,313,317,319,320,321,328,330,331,334,345,355,356,357,363,365,367,368,370,372,374,375,382,394,396,404,407,408,409,411,413,416",IL-27,IL-27_renumbered.pdb,"`7,18,19,21,23,24,38,45,46,53,55,60,68,70,73,74,76,86,87,89,90,93,96,97,107,111,113,114,131,134,137,140,144,149,152,163,166,172,178,194,197,202,205,206,208,209,210,216,218,219,227,228,242,252,254,262,267,276,277,280,284,285,308,314,323,326,328,330,331,332,333,337,339,345,350,351,352,357,363,364,365,371,384,392,414,415,419,424"
SARS-CoV-2-BA.4-N__IL-35,../experiments/SARS-CoV-2-BA.4-N__IL-35,SARS-CoV-2-BA.4-N,SARS-CoV-2-BA.4-N.pdb,"`6,8,10,11,12,13,14,18,22,23,34,37,40,45,48,49,56,57,58,67,72,74,86,88,93,96,101,111,114,125,127,146,157,159,161,163,167,177,179,193,201,204,205,208,213,225,236,237,246,248,254,255,260,261,266,267,273,275,277,278,285,298,304,306,307,310,311,324,327,328,333,336,339,340,344,346,356,357,360,364,365,366,367,372,373,374,384,387,388,393,394,396,406,410,411,414,416",IL-35,IL-35_renumbered.pdb,"`1,4,16,20,22,23,27,28,34,36,49,56,57,68,76,77,91,99,104,107,108,109,117,129,132,136,138,140,141,144,148,149,151,153,163,164,169,172,173,186,194,198,202,207,218,220,221,224,227,240,244,251,252,253,255,258,259,260,262,269,275,279,283,286,298,301,304,311,314,316"
SARS-CoV-2-BQ.1-N__IL-12p70,../experiments/SARS-CoV-2-BQ.1-N__IL-12p70,SARS-CoV-2-BQ.1-N,SARS-CoV-2-BQ.1-N.pdb,"`2,3,4,7,18,19,24,25,28,38,39,54,57,64,67,71,73,74,76,77,78,79,86,87,90,93,94,95,97,98,110,120,124,126,131,137,144,148,149,150,151,153,159,165,169,171,181,182,185,187,188,194,198,201,205,207,208,212,219,220,231,238,247,251,256,258,265,267,268,269,273,280,290,294,300,307,312,315,316,322,323,326,330,337,340,349,350,355,357,365,372,386,387,394,402,403,414,416",IL-12p70,IL-12p70_renumbered.pdb,"`1,4,8,17,20,21,29,39,41,43,45,51,52,56,60,63,70,71,76,78,86,88,91,93,98,99,101,102,125,126,127,129,130,134,142,143,144,158,161,162,165,167,204,208,209,214,217,219,220,228,229,234,235,241,242,257,258,261,268,269,280,283,290,293,294,297,300,301,306,312,317,318,327,334,336,341,352,358,366,374,377,381,384,396,404,416,417,423,430,432,433,434,440,445,448,452,453,455,460,463,466,472,489,499,500"
SARS-CoV-2-BQ.1-N__IL-23,../experiments/SARS-CoV-2-BQ.1-N__IL-23,SARS-CoV-2-BQ.1-N,SARS-CoV-2-BQ.1-N.pdb,"`15,16,23,28,29,30,32,36,37,42,48,51,57,75,76,79,80,81,91,92,94,95,113,120,122,126,131,132,134,136,144,145,147,152,153,158,159,173,174,175,177,179,180,182,184,187,189,190,192,201,204,207,209,211,213,216,217,223,229,239,249,258,261,262,275,277,286,291,302,306,308,310,316,320,321,322,323,324,331,339,340,342,345,347,371,372,373,379,384,386,395,402,405,406,407,411,414,416",IL-23,IL-23_renumbered.pdb,"`8,9,19,20,26,29,31,32,34,39,41,42,43,45,54,55,59,60,76,80,95,97,99,108,110,119,121,123,136,137,139,140,146,170,173,176,189,191,196,197,202,203,209,210,211,215,218,220,221,222,226,240,243,260,269,291,295,296,299,309,311,312,317,321,323,324,326,327,330,345,346,372,373,375,380,382,385,386,389,397,401,408,409,410,411,414,415,417,425,426,427,428,434,442,446,447,459,460,471,475"
SARS-CoV-2-BQ.1-N__IL-27,../experiments/SARS-CoV-2-BQ.1-N__IL-27,SARS-CoV-2-BQ.1-N,SARS-CoV-2-BQ.1-N.pdb,"`6,9,11,13,14,17,18,21,23,24,26,31,40,55,67,71,78,81,85,87,91,93,100,101,104,108,111,113,115,116,117,120,125,126,127,130,131,132,144,145,148,157,159,165,167,171,173,182,191,192,196,198,199,215,224,231,232,236,238,240,244,251,252,254,255,257,259,262,264,276,282,290,291,322,327,330,343,352,355,358,360,361,366,367,371,374,380,383,386,394,396,397,402,409,410,411,412,415",IL-27,IL-27_renumbered.pdb,"`2,6,11,16,25,31,38,43,44,48,49,50,66,73,82,89,91,94,96,103,105,108,110,124,125,138,144,149,150,155,160,166,183,195,199,201,217,219,221,223,224,225,226,227,231,240,246,248,249,253,255,258,259,260,264,269,273,281,288,308,312,315,319,326,329,334,336,339,344,346,355,364,365,367,371,376,378,380,381,395,401,405,407,408,410,416,418,419"
SARS-CoV-2-BQ.1-N__IL-35,../experiments/SARS-CoV-2-BQ.1-N__IL-35,SARS-CoV-2-BQ.1-N,SARS-CoV-2-BQ.1-N.pdb,"`8,15,17,18,22,24,25,32,36,43,44,45,56,57,60,63,65,66,67,79,80,81,85,104,105,117,123,125,126,127,137,144,147,152,154,161,162,163,164,169,172,173,175,181,182,183,186,201,207,214,218,221,222,227,228,229,230,231,233,235,240,245,249,250,252,253,256,263,275,278,280,291,299,305,320,329,331,345,347,351,355,356,357,359,362,365,369,373,378,381,382,388,392,400,401,411,412,416",IL-35,IL-35_renumbered.pdb,"`9,13,14,21,23,24,27,32,37,41,42,44,49,50,59,73,75,82,92,95,102,104,105,106,108,111,122,127,132,144,151,158,161,163,167,168,171,172,176,185,190,202,204,205,207,213,221,222,224,226,233,236,241,245,258,262,263,265,267,270,274,275,286,296,297,299,301,313,314,316"
SARS-CoV-2-P.1-N__IL-12p70,../experiments/SARS-CoV-2-P.1-N__IL-12p70,SARS-CoV-2-P.1-N,SARS-CoV-2-P.1-N.pdb,"`4,6,12,13,15,16,18,25,26,30,31,35,43,49,54,58,59,61,67,75,77,78,81,91,96,98,99,103,111,117,118,126,132,133,136,139,145,147,156,167,172,178,182,185,186,189,190,196,197,216,217,218,226,227,233,238,241,243,245,248,250,254,255,256,259,260,264,267,294,303,305,306,315,316,319,325,326,334,337,341,344,345,350,352,358,363,364,365,369,371,376,380,387,389,393,395,408,409",IL-12p70,IL-12p70_renumbered.pdb,"`9,30,35,45,46,58,60,63,66,71,73,74,75,76,83,84,86,87,88,96,97,98,105,109,114,115,121,126,129,135,136,138,140,142,146,148,150,155,159,160,161,165,166,167,168,173,174,184,205,210,215,216,218,221,225,228,236,240,244,257,259,260,261,262,276,282,290,291,295,297,301,302,307,310,314,318,319,323,324,326,330,337,352,361,374,388,391,392,400,401,402,403,421,427,442,444,460,464,468,469,471,472,484,495,501"
SARS-CoV-2-P.1-N__IL-23,../experiments/SARS-CoV-2-P.1-N__IL-23,SARS-CoV-2-P.1-N,SARS-CoV-2-P.1-N.pdb,"`2,22,27,32,39,40,42,45,46,47,49,58,61,70,79,100,103,106,108,111,124,126,128,132,133,139,141,142,153,155,156,170,176,182,183,184,185,189,190,197,204,205,207,210,213,214,218,225,231,233,238,239,241,242,243,244,247,249,257,261,267,268,276,277,280,281,282,283,284,285,286,311,313,314,316,325,327,328,331,332,339,342,343,345,352,360,366,375,384,390,392,398,399,403,404,413,415,416",IL-23,IL-23_renumbered.pdb,"`6,7,8,12,16,17,22,34,42,44,46,48,50,55,68,79,90,93,94,100,101,102,108,111,114,122,128,131,137,144,146,149,156,165,174,176,185,187,188,192,197,200,202,204,207,210,212,217,223,224,225,235,244,246,249,257,258,260,274,276,284,291,293,295,297,299,306,308,309,314,316,319,328,338,340,342,346,351,352,354,364,366,378,386,387,391,394,397,400,401,403,405,425,430,442,443,446,449,470,474"
SARS-CoV-2-P.1-N__IL-27,../experiments/SARS-CoV-2-P.1-N__IL-27,SARS-CoV-2-P.1-N,SARS-CoV-2-P.1-N.pdb,"`2,3,6,13,26,29,31,34,35,36,40,41,45,46,48,49,52,59,62,65,69,76,79,80,81,88,92,93,94,95,96,105,106,108,114,125,128,129,131,143,150,166,167,174,175,179,183,185,194,197,198,202,215,216,218,220,221,232,238,239,243,250,255,256,261,264,267,278,285,288,290,300,302,304,305,309,310,316,324,326,332,335,347,355,371,373,377,378,381,387,388,389,400,408,409,410,415,417",IL-27,IL-27_renumbered.pdb,"`6,8,13,15,17,31,43,44,55,57,61,67,70,75,76,80,83,87,90,93,96,117,120,128,140,142,146,147,160,174,184,188,195,198,200,204,205,220,221,222,224,225,227,245,249,252,254,257,266,269,271,273,275,280,282,287,290,294,295,297,305,307,309,312,314,316,319,320,331,332,334,339,341,349,351,352,354,355,361,363,368,373,378,380,386,404,410,419"
SARS-CoV-2-P.1-N__IL-35,../experiments/SARS-CoV-2-P.1-N__IL-35,SARS-CoV-2-P.1-N,SARS-CoV-2-P.1-N.pdb,"`6,17,21,29,38,51,52,61,69,74,75,80,82,83,90,91,94,101,102,103,116,117,121,124,127,133,139,141,149,161,162,163,165,175,176,178,183,187,194,198,209,218,219,223,225,226,229,232,242,245,246,248,249,251,252,254,257,258,264,265,272,276,279,289,294,299,305,311,313,320,323,324,325,332,333,334,337,348,349,350,354,355,358,363,374,378,379,382,383,386,389,392,394,398,406,409,412,414",IL-35,IL-35_renumbered.pdb,"`9,18,20,22,27,32,34,42,45,46,47,64,65,68,74,79,81,86,94,97,110,114,116,118,119,121,122,125,127,129,134,135,137,148,151,158,165,166,173,175,185,188,196,197,200,202,212,215,217,221,224,231,235,241,242,246,247,270,274,276,279,282,286,289,296,297,301,309,311,313"
SARS-CoV-2-WA1-N__IL-12p70,../experiments/SARS-CoV-2-WA1-N__IL-12p70,SARS-CoV-2-WA1-N,SARS-CoV-2-WA1-N.pdb,"`3,5,9,18,23,25,26,30,31,33,37,41,42,43,44,45,47,54,58,62,70,78,81,102,104,106,111,116,121,132,139,144,148,151,157,159,160,162,167,168,169,179,184,192,195,201,205,206,214,216,218,221,222,223,224,226,237,241,246,248,250,252,265,267,277,301,302,305,309,315,319,322,327,332,337,338,340,341,344,348,349,358,361,363,364,367,369,375,378,383,386,388,397,398,402,409,413,416,419",IL-12p70,IL-12p70_renumbered.pdb,"`4,17,29,30,32,33,34,40,41,43,47,49,52,62,63,92,95,97,99,100,114,130,134,150,151,152,154,158,161,168,175,181,183,184,187,200,207,222,227,228,231,234,236,241,256,259,261,264,275,276,285,287,297,299,301,302,306,312,313,322,324,329,335,337,338,340,350,351,352,353,354,357,361,374,376,379,385,388,395,402,416,421,423,434,436,438,444,448,449,452,456,458,461,462,463,464,465,466,471,476,477,481,492,498,500"
SARS-CoV-2-WA1-N__IL-23,../experiments/SARS-CoV-2-WA1-N__IL-23,SARS-CoV-2-WA1-N,SARS-CoV-2-WA1-N.pdb,"`5,7,8,12,13,21,29,36,38,49,51,52,57,59,74,80,81,99,100,114,115,121,125,131,145,150,152,154,156,159,163,164,169,170,171,173,180,181,182,185,188,191,195,196,197,201,203,217,219,223,224,227,232,235,243,247,250,260,266,270,274,277,284,285,290,291,303,306,309,311,317,318,319,320,321,324,325,327,332,333,334,337,339,340,352,364,367,368,377,386,387,394,398,403,405,408,410,411,416",IL-23,IL-23_renumbered.pdb,"`3,4,9,11,13,15,17,24,32,35,37,39,42,44,47,56,60,65,73,80,85,93,100,103,107,108,114,134,138,146,149,155,163,165,167,173,187,192,195,196,199,200,201,202,204,211,213,221,223,246,256,265,266,272,280,282,283,284,287,289,291,305,308,309,312,318,326,332,337,344,348,357,359,365,370,371,373,376,377,380,384,394,398,400,409,410,417,424,428,430,444,446,449,450,452,459,468,472,475,476"
SARS-CoV-2-WA1-N__IL-27,../experiments/SARS-CoV-2-WA1-N__IL-27,SARS-CoV-2-WA1-N,SARS-CoV-2-WA1-N.pdb,"`3,19,23,25,30,32,36,37,41,42,44,45,46,48,51,60,61,68,78,81,89,96,100,104,113,114,115,117,127,130,146,147,148,149,156,157,161,164,168,172,173,177,181,194,200,204,205,206,207,210,216,220,222,227,237,239,240,253,259,261,265,266,269,271,276,278,285,286,305,313,314,317,320,321,333,338,341,346,347,348,351,352,353,361,362,363,366,370,373,377,379,389,390,400,403,406,408,411,413",IL-27,IL-27_renumbered.pdb,"`1,4,5,6,8,12,19,21,31,43,53,55,65,71,73,74,76,80,87,90,93,94,96,100,103,104,106,110,115,121,133,137,138,139,146,147,152,155,162,163,165,172,174,178,188,195,196,197,198,199,200,202,209,212,222,224,226,230,244,265,268,273,275,279,293,295,297,302,306,310,315,327,332,334,335,336,349,357,363,367,368,374,377,391,408,410,412,418"
SARS-CoV-2-WA1-N__IL-35,../experiments/SARS-CoV-2-WA1-N__IL-35,SARS-CoV-2-WA1-N,SARS-CoV-2-WA1-N.pdb,"`3,10,18,21,25,26,28,30,31,32,37,42,44,45,50,67,75,82,89,91,93,94,97,100,101,105,111,116,117,120,121,125,129,132,137,142,151,155,161,170,172,182,188,201,205,206,210,211,212,213,220,223,226,233,236,240,247,248,249,250,251,255,259,266,269,270,272,277,283,288,290,291,292,294,296,309,311,312,316,333,334,347,350,354,361,364,371,378,381,382,384,386,387,388,395,396,399,400,415",IL-35,IL-35_renumbered.pdb,"`3,10,12,17,18,23,27,34,38,40,47,50,60,66,70,71,73,75,80,81,91,104,109,110,114,117,118,126,129,138,143,144,154,159,164,165,166,167,173,176,181,182,186,192,198,199,200,201,211,212,219,220,223,226,230,238,241,246,250,251,255,256,257,267,282,284,289,295,297,315"
SARS-CoV-2-XBB-N__IL-12p70,../experiments/SARS-CoV-2-XBB-N__IL-12p70,SARS-CoV-2-XBB-N,SARS-CoV-2-XBB-N.pdb,"`2,7,12,13,14,15,16,19,23,26,29,34,36,44,54,55,58,59,66,71,77,78,80,86,92,93,94,97,98,99,104,120,125,130,136,141,150,155,163,164,174,176,182,188,194,206,207,209,228,238,240,241,243,245,246,249,250,253,264,267,274,279,288,291,293,296,299,311,313,321,323,324,326,327,330,336,338,343,349,354,359,361,367,372,374,376,381,384,385,387,388,392,406,411,412,413,414",IL-12p70,IL-12p70_renumbered.pdb,"`2,6,7,8,9,14,19,23,31,37,40,43,52,53,58,61,63,65,69,74,84,88,90,96,114,117,126,128,130,139,141,143,145,160,163,164,168,172,173,175,176,177,180,185,187,189,200,202,203,216,218,221,223,224,227,235,236,257,258,259,265,266,268,274,276,280,297,304,310,322,330,351,354,355,356,357,362,366,370,375,376,378,382,384,385,390,391,394,409,410,413,421,434,441,444,448,451,452,455,457,462,470,478,498,499"
SARS-CoV-2-XBB-N__IL-23,../experiments/SARS-CoV-2-XBB-N__IL-23,SARS-CoV-2-XBB-N,SARS-CoV-2-XBB-N.pdb,"`3,5,7,12,13,14,19,24,37,41,43,44,47,62,72,75,77,86,93,98,101,116,117,119,132,152,153,155,160,163,165,171,174,178,181,183,184,189,192,193,199,200,205,206,208,211,218,227,228,239,244,249,250,252,260,262,263,264,273,277,278,286,294,295,297,303,305,307,313,322,326,330,334,337,352,357,364,367,368,371,372,374,377,378,381,384,385,391,395,396,398,400,401,402,403,410,412",IL-23,IL-23_renumbered.pdb,"`3,6,7,8,17,36,37,38,39,48,55,59,62,65,67,68,71,73,75,76,83,94,104,107,108,123,124,135,139,147,148,151,167,169,172,173,174,189,192,197,199,205,209,212,221,230,235,241,249,254,258,263,278,287,299,304,308,310,313,314,317,318,320,325,329,333,337,340,348,352,359,367,373,377,380,385,393,394,395,396,403,411,418,426,427,435,436,440,442,446,447,448,450,457,459,464,467,469,473,476"
SARS-CoV-2-XBB-N__IL-27,../experiments/SARS-CoV-2-XBB-N__IL-27,SARS-CoV-2-XBB-N,SARS-CoV-2-XBB-N.pdb,"`1,3,5,6,7,8,10,12,17,18,21,23,28,35,38,40,59,64,67,75,90,103,117,118,120,123,127,134,138,142,143,145,153,154,158,159,166,168,184,185,186,189,194,208,210,214,215,216,228,229,232,246,249,254,255,257,260,267,275,280,283,285,286,295,297,299,301,303,306,308,310,316,324,325,326,335,337,338,341,345,346,351,354,355,357,358,363,364,371,376,381,393,394,397,400,408,413",IL-27,IL-27_renumbered.pdb,"`4,13,15,16,17,18,23,34,35,37,49,50,54,71,74,75,79,82,87,99,102,103,107,108,110,114,120,131,148,149,152,159,162,165,168,196,199,202,207,211,212,215,217,219,221,226,227,234,237,248,255,256,260,265,281,284,302,305,310,311,313,317,321,326,329,337,339,344,345,352,354,359,367,368,369,371,377,378,380,381,387,393,401,407,410,412,419,422"
SARS-CoV-2-XBB-N__IL-35,../experiments/SARS-CoV-2-XBB-N__IL-35,SARS-CoV-2-XBB-N,SARS-CoV-2-XBB-N.pdb,"`6,8,9,11,17,25,30,32,34,38,40,51,56,57,59,63,64,71,72,79,91,100,104,105,110,113,114,118,119,121,125,134,137,141,144,146,148,150,152,155,157,161,162,164,165,168,172,173,179,185,189,191,204,205,211,219,220,231,237,244,246,249,251,253,263,267,271,276,278,279,285,286,296,297,304,312,314,316,324,327,336,351,357,358,362,366,375,376,384,387,395,396,397,403,407,410,416",IL-35,IL-35_renumbered.pdb,"`3,8,12,23,24,32,34,35,36,38,40,44,46,60,65,72,75,83,86,90,92,101,103,104,106,107,109,113,115,123,127,129,130,139,149,156,157,167,168,181,185,199,204,208,213,218,222,223,224,229,233,238,240,241,245,251,252,257,260,261,264,269,272,274,285,296,297,300,301,303"
SARS-CoV-N__IL-12p70,../experiments/SARS-CoV-N__IL-12p70,SARS-CoV-N,SARS-CoV-N.pdb,"`5,11,12,14,17,18,19,22,29,31,38,40,44,47,51,53,58,59,60,78,80,84,92,94,96,99,102,107,110,121,122,146,148,152,170,175,178,179,180,183,187,188,191,192,195,200,201,209,225,236,237,245,249,255,260,262,263,266,269,270,273,277,280,281,283,285,293,294,295,298,305,307,311,312,314,315,318,319,321,325,329,330,332,333,339,340,351,356,362,370,373,377,393,404,409,414,415",IL-12p70,IL-12p70_renumbered.pdb,"`1,2,5,6,12,16,22,31,35,41,47,48,51,52,56,65,72,74,75,76,78,83,85,91,99,101,102,115,117,121,131,132,133,136,138,141,144,145,146,151,152,153,157,162,166,168,178,183,189,193,201,203,216,220,223,229,230,231,233,256,257,259,261,264,278,281,282,290,303,316,317,319,323,324,327,330,347,355,363,364,370,379,380,381,382,387,389,391,399,400,401,409,424,433,434,436,440,444,445,464,467,469,471,481,487"
SARS-CoV-N__IL-23,../experiments/SARS-CoV-N__IL-23,SARS-CoV-N,SARS-CoV-N.pdb,"`11,12,13,16,22,42,43,44,45,48,49,51,55,59,60,61,71,82,91,93,95,102,109,110,129,130,137,141,143,149,151,153,154,158,163,165,169,180,181,192,193,198,199,211,212,213,215,218,228,235,236,238,240,252,261,264,265,272,280,285,290,293,294,295,297,298,300,303,308,312,315,317,318,321,326,332,334,335,340,349,350,351,364,372,374,376,380,381,382,383,386,390,391,393,408,414,415",IL-23,IL-23_renumbered.pdb,"`1,4,7,10,16,29,37,38,40,43,44,46,49,50,60,62,66,76,79,86,93,96,97,98,100,101,102,107,114,119,122,132,137,142,166,169,170,173,179,186,187,189,192,193,203,205,212,219,221,228,230,235,239,240,241,246,253,260,263,265,271,276,280,287,291,295,296,304,308,309,312,314,319,330,331,337,340,351,363,364,370,372,389,390,397,408,409,426,430,435,443,445,452,453,460,462,465,469,470,471"
SARS-CoV-N__IL-27,../experiments/SARS-CoV-N__IL-27,SARS-CoV-N,SARS-CoV-N.pdb,"`3,4,10,11,12,17,18,24,25,26,38,51,58,61,62,63,80,81,82,94,102,105,108,112,115,116,118,119,121,123,138,140,142,143,146,149,154,156,157,168,189,190,193,195,197,202,205,207,210,211,230,231,235,236,241,246,247,252,268,269,272,278,284,285,305,307,317,322,323,324,325,326,340,351,356,361,362,364,366,381,382,390,391,393,394,395,399,400,404,405,406,407,408,410,412,418,422",IL-27,IL-27_renumbered.pdb,"`1,5,8,12,20,21,37,42,46,52,53,67,72,79,83,87,94,98,103,114,117,118,121,130,133,137,143,146,149,150,152,164,173,174,176,178,188,198,206,216,221,224,227,233,234,237,245,247,250,254,257,261,263,271,273,275,282,283,285,293,302,307,308,310,323,332,335,336,339,343,344,345,359,360,366,371,377,379,380,386,387,395,397,408,409,416,419,421"
SARS-CoV-N__IL-35,../experiments/SARS-CoV-N__IL-35,SARS-CoV-N,SARS-CoV-N.pdb,"`1,8,16,19,24,28,31,34,39,46,59,60,63,69,70,75,78,89,90,101,107,116,123,129,130,132,137,140,148,163,167,178,180,182,185,187,188,190,192,196,197,199,207,214,215,217,219,220,222,224,237,246,247,257,262,263,269,270,275,278,280,284,287,290,293,297,309,312,313,319,320,326,329,333,336,337,338,344,346,347,354,359,374,375,378,379,380,381,383,385,387,395,399,406,407,410,416",IL-35,IL-35_renumbered.pdb,"`4,7,9,12,20,28,30,34,47,49,53,54,56,57,58,60,63,65,66,68,71,81,82,92,106,107,108,110,111,116,122,127,130,134,142,144,153,154,157,158,159,165,171,174,181,182,194,197,198,203,207,215,226,227,238,262,263,267,272,273,274,279,282,283,295,297,300,302,310,315"
